{
  "version": 1,
  "author": "Manoj Sai R",
  "editor": "wokwi",
  "parts": [
    { "type": "board-esp32-devkit-c-v4", "id": "esp", "top": -28.8, "left": -23.96, "attrs": {} },
    {
      "type": "board-ssd1306",
      "id": "oled1",
      "top": 70.34,
      "left": 163.43,
      "attrs": { "i2cAddress": "0x3c" }
    },
    { "type": "wokwi-dht22", "id": "dht1", "top": 48.3, "left": -149.4, "attrs": {} }
  ],
  "connections": [
    [ "esp:TX", "$serialMonitor:RX", "", [] ],
    [ "esp:RX", "$serialMonitor:TX", "", [] ],
    [ "dht1:GND", "esp:GND.1", "black", [ "v19.2", "h48", "v0" ] ],
    [ "dht1:VCC", "esp:3V3", "red", [ "v48", "h-48", "v-201.6", "h0", "v-28.8" ] ],
    [ "dht1:SDA", "esp:15", "green", [ "v57.6", "h240.1", "v-76.8", "h-38.4" ] ],
    [ "oled1:VCC", "esp:3V3", "red", [ "v-115.2", "h-230.25" ] ],
    [ "esp:GND.2", "oled1:GND", "black", [ "v0", "h115.2" ] ],
    [
      "oled1:SDA",
      "esp:21",
      "green",
      [ "v-57.6", "h57.67", "v192", "h-144", "v-163.2", "h-19.2" ]
    ],
    [
      "oled1:SCL",
      "esp:22",
      "green",
      [ "v-115.2", "h86.7", "v278.4", "h-172.8", "v-220.8", "h-9.6" ]
    ]
  ],
  "dependencies": {}
}